,siteid,icd_code,num_patients,icd_code_1,group_name
0,France,Z29.0,1232,Z29,전염성 질환과 관련되어 잠재적인 건강위험이 있는 사람
1,France,J12.8,1123,J12,인플루엔자 및 폐렴
2,France,J96.0,620,J96,호흡계통의 기타 질환
3,France,I10,585,I10,고혈압성 질환
4,France,R06.0,309,R06,순환계통 및 호흡계통의 증상 및 징후
5,France,J80,306,J80,주로 간질에 영향을 주는 기타 호흡기질환
6,France,R50.9,255,R50,전신증상 및 징후
7,France,E11.9,248,E11,당뇨병
8,France,R53,223,R53,전신증상 및 징후
9,France,R05,214,R05,순환계통 및 호흡계통의 증상 및 징후
10,France,J12.9,170,J12,인플루엔자 및 폐렴
11,France,Z71.1,149,Z71,기타 상황에서 보건서비스와 접하고 있는 사람
12,France,E66.0,148,E66,비만 및 기타 과영양
13,France,Z51.5,115,Z51,특정 처치 및 건강관리를 위하여 보건서비스와 접하고 있는 사람
14,France,J18.9,112,J18,인플루엔자 및 폐렴
15,France,N17.9,103,N17,신부전
16,France,R65.0,95,R65,전신증상 및 징후
17,France,Z50.1,90,Z50,특정 처치 및 건강관리를 위하여 보건서비스와 접하고 있는 사람
18,France,Z75.1,86,Z75,기타 상황에서 보건서비스와 접하고 있는 사람
19,France,E43,84,E43,영양실조
20,France,E44.0,81,E44,영양실조
21,France,Z74.1,80,Z74,기타 상황에서 보건서비스와 접하고 있는 사람
22,France,R41.0,79,R41,"인지, 지각, 정서상태 및 행위에 관련된 증상 및 징후"
23,France,G47.3,75,G47,우발적 및 발작적 장애
24,France,E87.1,73,E87,대사장애
25,France,R65.1,73,R65,전신증상 및 징후
26,France,R29.6,70,R29,신경계통 및 근골격계통의 증상 및 징후
27,France,N18.9,68,N18,신부전
28,France,Z99.1,68,Z99,가족 및 개인 기왕력과 건강상태에 영향을 주는 특정 병태에 관련된 잠재적 건강위험을 가진 사람
29,France,I25.9,66,I25,허혈심장질환
30,France,J45.9,66,J45,만성 하부호흡기질환
31,France,R39.2,66,R39,비뇨계통의 증상 및 징후
32,France,I48.2,65,I48,기타 형태의 심장병
33,France,I48.0,64,I48,기타 형태의 심장병
34,France,J15.9,64,J15,인플루엔자 및 폐렴
35,France,R57.2,64,R57,전신증상 및 징후
36,France,R50.8,61,R50,전신증상 및 징후
37,France,N18.3,58,N18,신부전
38,France,E55.9,57,E55,기타 영양결핍
39,France,E66.9,57,E66,비만 및 기타 과영양
40,France,I25.5,54,I25,허혈심장질환
41,France,E87.6,53,E87,대사장애
42,France,F03,53,F03,증상성을 포함하는 기질성 정신장애
43,France,J17.1,53,J17,인플루엔자 및 폐렴
44,France,E03.9,52,E03,갑상선의 장애
45,France,E86,50,E86,대사장애
46,France,I48.9,50,I48,기타 형태의 심장병
47,France,N17.0,50,N17,신부전
48,France,Z92.1,48,Z92,가족 및 개인 기왕력과 건강상태에 영향을 주는 특정 병태에 관련된 잠재적 건강위험을 가진 사람
49,France,N18.5,47,N18,신부전
50,France,I70.2,45,I70,"동맥, 세동맥 및 모세혈관의 질환"
51,France,R26.8,44,R26,신경계통 및 근골격계통의 증상 및 징후
52,France,J44.9,42,J44,만성 하부호흡기질환
53,France,Z51.8,42,Z51,특정 처치 및 건강관리를 위하여 보건서비스와 접하고 있는 사람
54,France,Z09.8,41,Z09,검사 및 조사를 위해 보건서비스와 접하고 있는 사람
55,France,Z49.1,41,Z49,특정 처치 및 건강관리를 위하여 보건서비스와 접하고 있는 사람
56,France,Z74.0,41,Z74,기타 상황에서 보건서비스와 접하고 있는 사람
57,France,B97.2,40,B97,"세균, 바이러스 및 기타 감염체"
58,France,J44.0,40,J44,만성 하부호흡기질환
59,France,R26.3,40,R26,신경계통 및 근골격계통의 증상 및 징후
60,France,Z50.8,40,Z50,특정 처치 및 건강관리를 위하여 보건서비스와 접하고 있는 사람
61,France,D72.8,39,D72,혈액 및 조혈기관의 기타 질환
62,France,I50.9,39,I50,기타 형태의 심장병
63,France,F06.7,38,F06,증상성을 포함하는 기질성 정신장애
64,France,R57.1,38,R57,전신증상 및 징후
65,France,R51,37,R51,전신증상 및 징후
66,France,E11.7,36,E11,당뇨병
67,France,F00.1,36,F00,증상성을 포함하는 기질성 정신장애
68,France,J11.1,36,J11,인플루엔자 및 폐렴
69,France,R74.8,36,R74,진단명 없는 혈액검사상 이상소견
70,France,Z71.3,36,Z71,기타 상황에서 보건서비스와 접하고 있는 사람
71,France,Z95.5,36,Z95,가족 및 개인 기왕력과 건강상태에 영향을 주는 특정 병태에 관련된 잠재적 건강위험을 가진 사람
72,France,R52.0,35,R52,전신증상 및 징후
73,France,F17.2,34,F17,정신활성물질의 사용에 의한 정신 및 행동 장애
74,France,Z76.8,34,Z76,기타 상황에서 보건서비스와 접하고 있는 사람
75,France,E78.5,33,E78,대사장애
76,France,E87.5,33,E87,대사장애
77,France,F10.2,33,F10,정신활성물질의 사용에 의한 정신 및 행동 장애
78,France,E11.8,32,E11,당뇨병
79,France,J15.8,32,J15,인플루엔자 및 폐렴
80,France,R07.4,32,R07,순환계통 및 호흡계통의 증상 및 징후
81,France,R10.4,32,R10,소화계통 및 복부의 증상 및 징후
82,France,R11,32,R11,소화계통 및 복부의 증상 및 징후
83,France,E11.2,30,E11,당뇨병
84,France,N17.8,30,N17,신부전
85,France,Z94.0,30,Z94,가족 및 개인 기왕력과 건강상태에 영향을 주는 특정 병태에 관련된 잠재적 건강위험을 가진 사람
86,France,Z96.6,30,Z96,가족 및 개인 기왕력과 건강상태에 영향을 주는 특정 병태에 관련된 잠재적 건강위험을 가진 사람
87,France,D64.8,29,D64,무형성 및 기타 빈혈
88,France,R63.0,29,R63,전신증상 및 징후
89,France,E11.6,28,E11,당뇨병
90,France,Z59.1,28,Z59,사회경제적 및 정신사회적 상황에 관련된 잠재적 보건위험이 있는 사람
91,France,B34.9,27,B34,기타 바이러스질환
92,France,G20,27,G20,추체외로 및 운동 장애
93,France,K59.1,27,K59,장의 기타 질환
94,France,Z51.3,27,Z51,특정 처치 및 건강관리를 위하여 보건서비스와 접하고 있는 사람
95,France,Z60.2,27,Z60,사회경제적 및 정신사회적 상황에 관련된 잠재적 보건위험이 있는 사람
96,France,Z95.0,27,Z95,가족 및 개인 기왕력과 건강상태에 영향을 주는 특정 병태에 관련된 잠재적 건강위험을 가진 사람
97,France,N40,26,N40,남성생식기관의 질환
98,France,R60.0,26,R60,전신증상 및 징후
99,France,R65.9,26,R65,전신증상 및 징후
100,France,Y95,26,Y95,달리 분류된 질병이환 및 사망원인에 관련된 보조요인
101,France,Z20.8,26,Z20,전염성 질환과 관련되어 잠재적인 건강위험이 있는 사람
102,France,Z74.2,26,Z74,기타 상황에서 보건서비스와 접하고 있는 사람
103,France,B24,25,B24,인체면역결핍바이러스병
104,France,J69.0,25,J69,외부요인에 의한 폐질환
105,France,R26.2,25,R26,신경계통 및 근골격계통의 증상 및 징후
106,France,R57.8,25,R57,전신증상 및 징후
107,France,B96.2,24,B96,"세균, 바이러스 및 기타 감염체"
108,France,D64.9,24,D64,무형성 및 기타 빈혈
109,France,E78.0,24,E78,대사장애
110,France,K59.0,24,K59,장의 기타 질환
111,France,I26.9,23,I26,폐성 심장병 및 폐순환의 질환
112,France,I46.9,23,I46,기타 형태의 심장병
113,France,I95.1,23,I95,순환계통의 기타 및 상세불명의 장애
114,France,E11.1,22,E11,당뇨병
115,France,R13,22,R13,소화계통 및 복부의 증상 및 징후
116,France,R50.2,22,R50,전신증상 및 징후
117,France,E87.2,21,E87,대사장애
118,France,M79.1,21,M79,연조직장애
119,France,N10,21,N10,신세뇨관-간질질환
120,France,R45.1,21,R45,"인지, 지각, 정서상태 및 행위에 관련된 증상 및 징후"
121,France,R52.1,21,R52,전신증상 및 징후
122,France,D57.0,20,D57,용혈성 빈혈
123,France,D62,20,D62,무형성 및 기타 빈혈
124,France,J96.1,20,J96,호흡계통의 기타 질환
125,France,R34,20,R34,비뇨계통의 증상 및 징후
126,France,U04.9,20,U04,병인이 불확실한 신종질환의 임시적 지정이나 응급사용
127,France,D50.9,19,D50,영양성 빈혈
128,France,I48.1,19,I48,기타 형태의 심장병
129,France,R00.0,19,R00,순환계통 및 호흡계통의 증상 및 징후
130,France,R33,19,R33,비뇨계통의 증상 및 징후
131,France,R40.2,19,R40,"인지, 지각, 정서상태 및 행위에 관련된 증상 및 징후"
132,France,U82.2,19,U82,항균제 및 항암제 내성
133,France,C61,18,C61,악성 신생물
134,France,D69.6,18,D69,"응고결함, 자반 및 기타 출혈성 병태"
135,France,J15.6,18,J15,인플루엔자 및 폐렴
136,France,J17.8,18,J17,인플루엔자 및 폐렴
137,France,J44.8,18,J44,만성 하부호흡기질환
138,France,N08.3,18,N08,사구체질환
139,France,R52.9,18,R52,전신증상 및 징후
140,France,W19,18,W19,사고
141,France,Z59.0,18,Z59,사회경제적 및 정신사회적 상황에 관련된 잠재적 보건위험이 있는 사람
142,France,B34.2,17,B34,기타 바이러스질환
143,France,E78.9,17,E78,대사장애
144,France,I49.9,17,I49,기타 형태의 심장병
145,France,I87.2,17,I87,"달리 분류되지 않은 정맥, 림프관 및 림프절의 질환"
146,France,J47,17,J47,만성 하부호흡기질환
147,France,J90,17,J90,흉막의 기타 질환
148,France,N18.4,17,N18,신부전
149,France,N39.0,17,N39,비뇨계통의 기타 질환
150,France,R04.2,17,R04,순환계통 및 호흡계통의 증상 및 징후
151,France,R41.8,17,R41,"인지, 지각, 정서상태 및 행위에 관련된 증상 및 징후"
152,France,R43.2,17,R43,"인지, 지각, 정서상태 및 행위에 관련된 증상 및 징후"
153,France,R57.0,17,R57,전신증상 및 징후
154,France,R91,17,R91,진단명 없는 진단영상 및 기능 검사상 이상소견
155,France,Z51.1,17,Z51,특정 처치 및 건강관리를 위하여 보건서비스와 접하고 있는 사람
156,France,Z60.3,17,Z60,사회경제적 및 정신사회적 상황에 관련된 잠재적 보건위험이 있는 사람
157,France,Z86.7,17,Z86,가족 및 개인 기왕력과 건강상태에 영향을 주는 특정 병태에 관련된 잠재적 건강위험을 가진 사람
158,France,Z99.3,17,Z99,가족 및 개인 기왕력과 건강상태에 영향을 주는 특정 병태에 관련된 잠재적 건강위험을 가진 사람
159,France,A09.9,16,A09,장감염질환
160,France,B96.8,16,B96,"세균, 바이러스 및 기타 감염체"
161,France,C34.9,16,C34,악성 신생물
162,France,C90.0,16,C90,악성 신생물
163,France,E03.8,16,E03,갑상선의 장애
164,France,F41.2,16,F41,"신경증성, 스트레스-연관 및 신체형 장애"
165,France,H35.3,16,H35,맥락막 및 망막의 장애
166,France,I25.2,16,I25,허혈심장질환
167,France,J11.8,16,J11,인플루엔자 및 폐렴
168,France,L97,16,L97,피부 및 피하조직의 기타 장애
169,France,R03.0,16,R03,순환계통 및 호흡계통의 증상 및 징후
170,France,R55,16,R55,전신증상 및 징후
171,France,C50.9,15,C50,악성 신생물
172,France,D50.8,15,D50,영양성 빈혈
173,France,D63.8,15,D63,무형성 및 기타 빈혈
174,France,E83.5,15,E83,대사장애
175,France,E87.0,15,E87,대사장애
176,France,J44.1,15,J44,만성 하부호흡기질환
177,France,R40.0,15,R40,"인지, 지각, 정서상태 및 행위에 관련된 증상 및 징후"
178,France,Z51.2,15,Z51,특정 처치 및 건강관리를 위하여 보건서비스와 접하고 있는 사람
179,France,D69.5,14,D69,"응고결함, 자반 및 기타 출혈성 병태"
180,France,E11.5,14,E11,당뇨병
181,France,G30.1,14,G30,신경계통의 기타 퇴행성 질환
182,France,I25.8,14,I25,허혈심장질환
183,France,J20.9,14,J20,기타 급성 하기도감염
184,France,J84.1,14,J84,주로 간질에 영향을 주는 기타 호흡기질환
185,France,M62.89,14,M62,연조직장애
186,France,Z85.3,14,Z85,가족 및 개인 기왕력과 건강상태에 영향을 주는 특정 병태에 관련된 잠재적 건강위험을 가진 사람
187,France,Z95.8,14,Z95,가족 및 개인 기왕력과 건강상태에 영향을 주는 특정 병태에 관련된 잠재적 건강위험을 가진 사람
188,France,C79.5,13,C79,악성 신생물
189,France,D70,13,D70,혈액 및 조혈기관의 기타 질환
190,France,F41.1,13,F41,"신경증성, 스트레스-연관 및 신체형 장애"
191,France,G30.9,13,G30,신경계통의 기타 퇴행성 질환
192,France,I11.9,13,I11,고혈압성 질환
193,France,I25.1,13,I25,허혈심장질환
194,France,J00,13,J00,급성 상기도감염
195,France,J10.0,13,J10,인플루엔자 및 폐렴
196,France,J15.2,13,J15,인플루엔자 및 폐렴
197,France,K52.9,13,K52,비감염성 장염 및 결장염
198,France,L89.1,13,L89,피부 및 피하조직의 기타 장애
199,France,M54.5,13,M54,등병증
200,France,N41.0,13,N41,남성생식기관의 질환
201,France,R94.5,13,R94,진단명 없는 진단영상 및 기능 검사상 이상소견
202,France,S72.0,13,S72,고관절 및 대퇴의 손상
203,France,Z35.8,13,Z35,생식에 관련된 상황에서 보건서비스와 접하고 있는 사람
204,France,Z46.6,13,Z46,특정 처치 및 건강관리를 위하여 보건서비스와 접하고 있는 사람
205,France,C78.7,12,C78,악성 신생물
206,France,G63.2,12,G63,다발신경병증 및 말초신경계통의 기타 장애
207,France,H36.0,12,H36,맥락막 및 망막의 장애
208,France,H40.9,12,H40,녹내장
209,France,I69.4,12,I69,뇌혈관질환
210,France,I95.9,12,I95,순환계통의 기타 및 상세불명의 장애
211,France,K72.0,12,K72,간의 질환
212,France,R19.4,12,R19,소화계통 및 복부의 증상 및 징후
213,France,R73.9,12,R73,진단명 없는 혈액검사상 이상소견
214,France,R77.8,12,R77,진단명 없는 혈액검사상 이상소견
215,France,S06.0,12,S06,머리의 손상
216,France,Z03.8,12,Z03,검사 및 조사를 위해 보건서비스와 접하고 있는 사람
217,France,Z92.6,12,Z92,가족 및 개인 기왕력과 건강상태에 영향을 주는 특정 병태에 관련된 잠재적 건강위험을 가진 사람
218,France,A09.0,11,A09,장감염질환
219,France,A41.9,11,A41,기타 세균성 질환
220,France,E11.3,11,E11,당뇨병
221,France,E11.4,11,E11,당뇨병
222,France,G40.9,11,G40,우발적 및 발작적 장애
223,France,I44.7,11,I44,기타 형태의 심장병
224,France,I64,11,I64,뇌혈관질환
225,France,J11.0,11,J11,인플루엔자 및 폐렴
226,France,J18.0,11,J18,인플루엔자 및 폐렴
227,France,J43.2,11,J43,만성 하부호흡기질환
228,France,J81,11,J81,주로 간질에 영향을 주는 기타 호흡기질환
229,France,K62.5,11,K62,장의 기타 질환
230,France,K71.0,11,K71,간의 질환
231,France,M80.0,11,M80,골병증 및 연골병증
232,France,MR232,11,MR2,기타
233,France,R09.0,11,R09,순환계통 및 호흡계통의 증상 및 징후
234,France,R32,11,R32,비뇨계통의 증상 및 징후
235,France,R52.2,11,R52,전신증상 및 징후
236,France,Z21,11,Z21,전염성 질환과 관련되어 잠재적인 건강위험이 있는 사람
237,France,Z71.9,11,Z71,기타 상황에서 보건서비스와 접하고 있는 사람
238,France,Z88.0,11,Z88,가족 및 개인 기왕력과 건강상태에 영향을 주는 특정 병태에 관련된 잠재적 건강위험을 가진 사람
239,France,Z92.4,11,Z92,가족 및 개인 기왕력과 건강상태에 영향을 주는 특정 병태에 관련된 잠재적 건강위험을 가진 사람
240,France,Z99.2,11,Z99,가족 및 개인 기왕력과 건강상태에 영향을 주는 특정 병태에 관련된 잠재적 건강위험을 가진 사람
241,France,D46.9,10,D46,행동양식 불명 또는 미상의 신생물
242,France,D57.1,10,D57,용혈성 빈혈
243,France,E10.9,10,E10,당뇨병
244,France,E44.1,10,E44,영양실조
245,France,E61.1,10,E61,기타 영양결핍
246,France,E78.2,10,E78,대사장애
247,France,F02.8,10,F02,증상성을 포함하는 기질성 정신장애
248,France,F05.1,10,F05,증상성을 포함하는 기질성 정신장애
249,France,F32.2,10,F32,기분[정동] 장애
250,France,G31.8,10,G31,신경계통의 기타 퇴행성 질환
251,France,G40.8,10,G40,우발적 및 발작적 장애
252,France,G47.0,10,G47,우발적 및 발작적 장애
253,France,I35.0,10,I35,기타 형태의 심장병
254,France,I47.1,10,I47,기타 형태의 심장병
255,France,J13,10,J13,인플루엔자 및 폐렴
256,France,J45.8,10,J45,만성 하부호흡기질환
257,France,J84.9,10,J84,주로 간질에 영향을 주는 기타 호흡기질환
258,France,J91,10,J91,흉막의 기타 질환
259,France,K21.9,10,K21,"식도, 위 및 십이지장의 질환"
260,France,K70.3,10,K70,간의 질환
261,France,R43.0,10,R43,"인지, 지각, 정서상태 및 행위에 관련된 증상 및 징후"
262,France,T79.6,10,T79,외상의 특정 조기합병증
263,France,W17,10,W17,사고
264,France,Z00.0,10,Z00,검사 및 조사를 위해 보건서비스와 접하고 있는 사람
265,France,Z60.9,10,Z60,사회경제적 및 정신사회적 상황에 관련된 잠재적 보건위험이 있는 사람
266,France,A46,9,A46,기타 세균성 질환
267,France,D47.2,9,D47,행동양식 불명 또는 미상의 신생물
268,France,D63.0,9,D63,무형성 및 기타 빈혈
269,France,E11.0,9,E11,당뇨병
270,France,F00.2,9,F00,증상성을 포함하는 기질성 정신장애
271,France,I12.0,9,I12,고혈압성 질환
272,France,I26.0,9,I26,폐성 심장병 및 폐순환의 질환
273,France,J15.0,9,J15,인플루엔자 및 폐렴
274,France,J15.1,9,J15,인플루엔자 및 폐렴
275,France,J43.9,9,J43,만성 하부호흡기질환
276,France,L89.0,9,L89,피부 및 피하조직의 기타 장애
277,France,O24.1,9,O24,주로 임신에 관련된 기타 산모장애
278,France,R04.0,9,R04,순환계통 및 호흡계통의 증상 및 징후
279,France,R18,9,R18,소화계통 및 복부의 증상 및 징후
280,France,R98,9,R98,불명확하고 원인불명의 사인
281,France,T81.4,9,T81,달리 분류되지 않은 외과적 및 내과적 치료의 합병증
282,France,Z96.0,9,Z96,가족 및 개인 기왕력과 건강상태에 영향을 주는 특정 병태에 관련된 잠재적 건강위험을 가진 사람
283,France,Z96.7,9,Z96,가족 및 개인 기왕력과 건강상태에 영향을 주는 특정 병태에 관련된 잠재적 건강위험을 가진 사람
284,France,B18.2,8,B18,바이러스간염
285,France,B37.0,8,B37,진균증
286,France,C78.0,8,C78,악성 신생물
287,France,D50.0,8,D50,영양성 빈혈
288,France,D68.3,8,D68,"응고결함, 자반 및 기타 출혈성 병태"
289,France,E10.1,8,E10,당뇨병
290,France,E66.8,8,E66,비만 및 기타 과영양
291,France,F05.9,8,F05,증상성을 포함하는 기질성 정신장애
292,France,F07.8,8,F07,증상성을 포함하는 기질성 정신장애
293,France,F20.9,8,F20,"조현병, 분열형 및 망상 장애"
294,France,G35,8,G35,중추신경계통의 탈수초질환
295,France,G81.9,8,G81,뇌성마비 및 기타 마비증후군
296,France,I34.0,8,I34,기타 형태의 심장병
297,France,I95.8,8,I95,순환계통의 기타 및 상세불명의 장애
298,France,J45.1,8,J45,만성 하부호흡기질환
299,France,K74.6,8,K74,간의 질환
300,France,K92.1,8,K92,소화계통의 기타 질환
301,France,M35.0,8,M35,전신결합조직장애
302,France,M62.80,8,M62,연조직장애
303,France,R07.3,8,R07,순환계통 및 호흡계통의 증상 및 징후
304,France,R59.0,8,R59,전신증상 및 징후
305,France,S72.10,8,S72,고관절 및 대퇴의 손상
306,France,T81.0,8,T81,달리 분류되지 않은 외과적 및 내과적 치료의 합병증
307,France,Z37.0,8,Z37,생식에 관련된 상황에서 보건서비스와 접하고 있는 사람
308,France,Z63.2,8,Z63,사회경제적 및 정신사회적 상황에 관련된 잠재적 보건위험이 있는 사람
309,France,Z74.3,8,Z74,기타 상황에서 보건서비스와 접하고 있는 사람
310,France,Z92.3,8,Z92,가족 및 개인 기왕력과 건강상태에 영향을 주는 특정 병태에 관련된 잠재적 건강위험을 가진 사람
311,France,B95.6,7,B95,"세균, 바이러스 및 기타 감염체"
312,France,C78.2,7,C78,악성 신생물
313,France,E27.4,7,E27,기타 내분비선의 장애
314,France,E53.8,7,E53,기타 영양결핍
315,France,F00.9,7,F00,증상성을 포함하는 기질성 정신장애
316,France,F05.0,7,F05,증상성을 포함하는 기질성 정신장애
317,France,F32.1,7,F32,기분[정동] 장애
318,France,F33.9,7,F33,기분[정동] 장애
319,France,G45.9,7,G45,우발적 및 발작적 장애
320,France,G81.1,7,G81,뇌성마비 및 기타 마비증후군
321,France,J12.2,7,J12,인플루엔자 및 폐렴
322,France,L89.2,7,L89,피부 및 피하조직의 기타 장애
323,France,M15.9,7,M15,관절병증
324,France,R31,7,R31,비뇨계통의 증상 및 징후
325,France,R45.4,7,R45,"인지, 지각, 정서상태 및 행위에 관련된 증상 및 징후"
326,France,R47.0,7,R47,말하기 및 음성에 관련된 증상 및 징후
327,France,R47.1,7,R47,말하기 및 음성에 관련된 증상 및 징후
328,France,R63.4,7,R63,전신증상 및 징후
329,France,R74.0,7,R74,진단명 없는 혈액검사상 이상소견
330,France,S32.80,7,S32,"복부, 아래등, 요추 및 골반의 손상"
331,France,Y66,7,Y66,내과적 및 외과적 치료의 합병증
332,France,Z11.5,7,Z11,검사 및 조사를 위해 보건서비스와 접하고 있는 사람
333,France,Z45.8,7,Z45,특정 처치 및 건강관리를 위하여 보건서비스와 접하고 있는 사람
334,France,Z53.2,7,Z53,특정 처치 및 건강관리를 위하여 보건서비스와 접하고 있는 사람
335,France,B18.1,6,B18,바이러스간염
336,France,B90.9,6,B90,감염성 및 기생충질환의 후유증
337,France,B96.1,6,B96,"세균, 바이러스 및 기타 감염체"
338,France,C18.9,6,C18,악성 신생물
339,France,C22.0,6,C22,악성 신생물
340,France,C77.1,6,C77,악성 신생물
341,France,C91.1,6,C91,악성 신생물
342,France,D61.1,6,D61,무형성 및 기타 빈혈
343,France,E46,6,E46,영양실조
344,France,E66.2,6,E66,비만 및 기타 과영양
345,France,F32.9,6,F32,기분[정동] 장애
346,France,F41.9,6,F41,"신경증성, 스트레스-연관 및 신체형 장애"
347,France,I20.9,6,I20,허혈심장질환
348,France,I21.0,6,I21,허혈심장질환
349,France,I42.0,6,I42,기타 형태의 심장병
350,France,I44.0,6,I44,기타 형태의 심장병
351,France,I45.1,6,I45,기타 형태의 심장병
352,France,I46.0,6,I46,기타 형태의 심장병
353,France,I65.2,6,I65,뇌혈관질환
354,France,K50.9,6,K50,비감염성 장염 및 결장염
355,France,K56.4,6,K56,장의 기타 질환
356,France,L89.3,6,L89,피부 및 피하조직의 기타 장애
357,France,M17.9,6,M17,관절병증
358,France,R10.1,6,R10,소화계통 및 복부의 증상 및 징후
359,France,R41.1,6,R41,"인지, 지각, 정서상태 및 행위에 관련된 증상 및 징후"
360,France,R46.0,6,R46,"인지, 지각, 정서상태 및 행위에 관련된 증상 및 징후"
361,France,S06.50,6,S06,머리의 손상
362,France,W18,6,W18,사고
363,France,Z08.2,6,Z08,검사 및 조사를 위해 보건서비스와 접하고 있는 사람
364,France,Z48.9,6,Z48,특정 처치 및 건강관리를 위하여 보건서비스와 접하고 있는 사람
365,France,Z53.0,6,Z53,특정 처치 및 건강관리를 위하여 보건서비스와 접하고 있는 사람
366,France,Z74.8,6,Z74,기타 상황에서 보건서비스와 접하고 있는 사람
367,France,Z94.8,6,Z94,가족 및 개인 기왕력과 건강상태에 영향을 주는 특정 병태에 관련된 잠재적 건강위험을 가진 사람
368,France,Z97.8,6,Z97,가족 및 개인 기왕력과 건강상태에 영향을 주는 특정 병태에 관련된 잠재적 건강위험을 가진 사람
369,France,B95.2,5,B95,"세균, 바이러스 및 기타 감염체"
370,France,B96.5,5,B96,"세균, 바이러스 및 기타 감염체"
371,France,C64,5,C64,악성 신생물
372,France,C67.9,5,C67,악성 신생물
373,France,C78.6,5,C78,악성 신생물
374,France,D84.8,5,D84,면역메커니즘을 침범한 특정 장애
375,France,E05.9,5,E05,갑상선의 장애
376,France,E13.9,5,E13,당뇨병
377,France,E16.1,5,E16,포도당조절 및 췌장내분비의 기타 장애
378,France,E16.2,5,E16,포도당조절 및 췌장내분비의 기타 장애
379,France,F01.3,5,F01,증상성을 포함하는 기질성 정신장애
380,France,F05.8,5,F05,증상성을 포함하는 기질성 정신장애
381,France,F10.0,5,F10,정신활성물질의 사용에 의한 정신 및 행동 장애
382,France,F41.8,5,F41,"신경증성, 스트레스-연관 및 신체형 장애"
383,France,G81.0,5,G81,뇌성마비 및 기타 마비증후군
384,France,G82.3,5,G82,뇌성마비 및 기타 마비증후군
385,France,I27.2,5,I27,폐성 심장병 및 폐순환의 질환
386,France,I49.5,5,I49,기타 형태의 심장병
387,France,I49.8,5,I49,기타 형태의 심장병
388,France,I51.9,5,I51,기타 형태의 심장병
389,France,I63.9,5,I63,뇌혈관질환
390,France,I69.3,5,I69,뇌혈관질환
391,France,J15.5,5,J15,인플루엔자 및 폐렴
392,France,J22,5,J22,기타 급성 하기도감염
393,France,J45.0,5,J45,만성 하부호흡기질환
394,France,J84.8,5,J84,주로 간질에 영향을 주는 기타 호흡기질환
395,France,J98.1,5,J98,호흡계통의 기타 질환
396,France,K44.9,5,K44,탈장
397,France,K56.6,5,K56,장의 기타 질환
398,France,M45,5,M45,등병증
399,France,M62.50,5,M62,연조직장애
400,France,MR70578,5,MR7,기타
401,France,N11.0,5,N11,신세뇨관-간질질환
402,France,N18.1,5,N18,신부전
403,France,N18.2,5,N18,신부전
404,France,O80.0,5,O80,분만
405,France,O82.1,5,O82,분만
406,France,R09.2,5,R09,순환계통 및 호흡계통의 증상 및 징후
407,France,R64,5,R64,전신증상 및 징후
408,France,S32.00,5,S32,"복부, 아래등, 요추 및 골반의 손상"
409,France,W01,5,W01,사고
410,France,Y44.2,5,Y44,내과적 및 외과적 치료의 합병증
411,France,Z20.0,5,Z20,전염성 질환과 관련되어 잠재적인 건강위험이 있는 사람
412,France,Z35.2,5,Z35,생식에 관련된 상황에서 보건서비스와 접하고 있는 사람
413,France,Z39.1,5,Z39,생식에 관련된 상황에서 보건서비스와 접하고 있는 사람
414,France,Z48.0,5,Z48,특정 처치 및 건강관리를 위하여 보건서비스와 접하고 있는 사람
415,France,Z48.8,5,Z48,특정 처치 및 건강관리를 위하여 보건서비스와 접하고 있는 사람
416,France,Z50.2,5,Z50,특정 처치 및 건강관리를 위하여 보건서비스와 접하고 있는 사람
417,France,Z50.9,5,Z50,특정 처치 및 건강관리를 위하여 보건서비스와 접하고 있는 사람
418,France,Z60.8,5,Z60,사회경제적 및 정신사회적 상황에 관련된 잠재적 보건위험이 있는 사람
419,France,Z63.9,5,Z63,사회경제적 및 정신사회적 상황에 관련된 잠재적 보건위험이 있는 사람
420,France,Z88.8,5,Z88,가족 및 개인 기왕력과 건강상태에 영향을 주는 특정 병태에 관련된 잠재적 건강위험을 가진 사람
421,France,Z90.2,5,Z90,가족 및 개인 기왕력과 건강상태에 영향을 주는 특정 병태에 관련된 잠재적 건강위험을 가진 사람
422,France,Z95.2,5,Z95,가족 및 개인 기왕력과 건강상태에 영향을 주는 특정 병태에 관련된 잠재적 건강위험을 가진 사람
423,France,A04.7,4,A04,장감염질환
424,France,A08.3,4,A08,장감염질환
425,France,B17.8,4,B17,바이러스간염
426,France,B97.8,4,B97,"세균, 바이러스 및 기타 감염체"
427,France,B99,4,B99,기타 감염성 질환
428,France,C22.1,4,C22,악성 신생물
429,France,C34.1,4,C34,악성 신생물
430,France,C54.1,4,C54,악성 신생물
431,France,D69.3,4,D69,"응고결함, 자반 및 기타 출혈성 병태"
432,France,D86.0,4,D86,면역메커니즘을 침범한 특정 장애
433,France,D86.8,4,D86,면역메커니즘을 침범한 특정 장애
434,France,D86.9,4,D86,면역메커니즘을 침범한 특정 장애
435,France,D89.0,4,D89,면역메커니즘을 침범한 특정 장애
436,France,E05.0,4,E05,갑상선의 장애
437,France,E10.8,4,E10,당뇨병
438,France,E14.9,4,E14,당뇨병
439,France,E83.3,4,E83,대사장애
440,France,E89.0,4,E89,대사장애
441,France,F00.0,4,F00,증상성을 포함하는 기질성 정신장애
442,France,F01.1,4,F01,증상성을 포함하는 기질성 정신장애
443,France,F01.8,4,F01,증상성을 포함하는 기질성 정신장애
444,France,F01.9,4,F01,증상성을 포함하는 기질성 정신장애
445,France,F22.0,4,F22,"조현병, 분열형 및 망상 장애"
446,France,F29,4,F29,"조현병, 분열형 및 망상 장애"
447,France,F32.0,4,F32,기분[정동] 장애
448,France,F43.1,4,F43,"신경증성, 스트레스-연관 및 신체형 장애"
449,France,G30.8,4,G30,신경계통의 기타 퇴행성 질환
450,France,G40.1,4,G40,우발적 및 발작적 장애
451,France,G40.2,4,G40,우발적 및 발작적 장애
452,France,G70.0,4,G70,신경근접합부 및 근육의 질환
453,France,H25.1,4,H25,수정체의 장애
454,France,H26.9,4,H26,수정체의 장애
455,France,H53.4,4,H53,시각장애 및 실명
456,France,H54.4,4,H54,시각장애 및 실명
457,France,I61.9,4,I61,뇌혈관질환
458,France,J09,4,J09,인플루엔자 및 폐렴
459,France,J16.8,4,J16,인플루엔자 및 폐렴
460,France,J18.8,4,J18,인플루엔자 및 폐렴
461,France,J20.6,4,J20,기타 급성 하기도감염
462,France,K29.5,4,K29,"식도, 위 및 십이지장의 질환"
463,France,K57.3,4,K57,장의 기타 질환
464,France,K72.9,4,K72,간의 질환
465,France,K75.8,4,K75,간의 질환
466,France,K80.2,4,K80,"담낭, 담도 및 췌장의 장애"
467,France,K83.1,4,K83,"담낭, 담도 및 췌장의 장애"
468,France,K92.2,4,K92,소화계통의 기타 질환
469,France,L40.9,4,L40,구진비늘장애
470,France,M11.26,4,M11,관절병증
471,France,M16.0,4,M16,관절병증
472,France,M54.3,4,M54,등병증
473,France,O24.4,4,O24,주로 임신에 관련된 기타 산모장애
474,France,O47.0,4,O47,태아와 양막강 그리고 가능한 분만문제에 관련된 산모관리
475,France,O99.0,4,O99,달리 분류되지 않은 기타 산과적 병태
476,France,R00.1,4,R00,순환계통 및 호흡계통의 증상 및 징후
477,France,R00.2,4,R00,순환계통 및 호흡계통의 증상 및 징후
478,France,R20.1,4,R20,피부 및 피하조직의 증상 및 징후
479,France,R27.0,4,R27,신경계통 및 근골격계통의 증상 및 징후
480,France,R44.1,4,R44,"인지, 지각, 정서상태 및 행위에 관련된 증상 및 징후"
481,France,R60.1,4,R60,전신증상 및 징후
482,France,S42.20,4,S42,어깨 및 위팔의 손상
483,France,T81.8,4,T81,달리 분류되지 않은 외과적 및 내과적 치료의 합병증
484,France,T85.7,4,T85,달리 분류되지 않은 외과적 및 내과적 치료의 합병증
485,France,Y42.0,4,Y42,내과적 및 외과적 치료의 합병증
486,France,Z22.3,4,Z22,전염성 질환과 관련되어 잠재적인 건강위험이 있는 사람
487,France,Z29.1,4,Z29,전염성 질환과 관련되어 잠재적인 건강위험이 있는 사람
488,France,Z43.1,4,Z43,특정 처치 및 건강관리를 위하여 보건서비스와 접하고 있는 사람
489,France,Z59.6,4,Z59,사회경제적 및 정신사회적 상황에 관련된 잠재적 보건위험이 있는 사람
490,France,Z59.9,4,Z59,사회경제적 및 정신사회적 상황에 관련된 잠재적 보건위험이 있는 사람
491,France,Z75.8,4,Z75,기타 상황에서 보건서비스와 접하고 있는 사람
492,France,Z85.0,4,Z85,가족 및 개인 기왕력과 건강상태에 영향을 주는 특정 병태에 관련된 잠재적 건강위험을 가진 사람
493,France,Z85.7,4,Z85,가족 및 개인 기왕력과 건강상태에 영향을 주는 특정 병태에 관련된 잠재적 건강위험을 가진 사람
494,France,Z91.1,4,Z91,가족 및 개인 기왕력과 건강상태에 영향을 주는 특정 병태에 관련된 잠재적 건강위험을 가진 사람
495,France,Z92.2,4,Z92,가족 및 개인 기왕력과 건강상태에 영향을 주는 특정 병태에 관련된 잠재적 건강위험을 가진 사람
1628,Germany,U07.1,548,U07,병인이 불확실한 신종질환의 임시적 지정이나 응급사용
1629,Germany,J06.9,267,J06,급성 상기도감염
1630,Germany,U07.2,164,U07,병인이 불확실한 신종질환의 임시적 지정이나 응급사용
1631,Germany,Z29.0,120,Z29,전염성 질환과 관련되어 잠재적인 건강위험이 있는 사람
1632,Germany,J12.8,106,J12,인플루엔자 및 폐렴
1633,Germany,B34.2,59,B34,기타 바이러스질환
1634,Germany,Z03.9,52,Z03,검사 및 조사를 위해 보건서비스와 접하고 있는 사람
1635,Germany,I10.00,48,I10,고혈압성 질환
1636,Germany,J96.00,46,J96,호흡계통의 기타 질환
1637,Germany,Z03.8,37,Z03,검사 및 조사를 위해 보건서비스와 접하고 있는 사람
1638,Germany,J18.9,36,J18,인플루엔자 및 폐렴
1639,Germany,E87.6,35,E87,대사장애
1640,Germany,R06.0,28,R06,순환계통 및 호흡계통의 증상 및 징후
1641,Germany,J80.03,24,J80,주로 간질에 영향을 주는 기타 호흡기질환
1642,Germany,Z92.1,23,Z92,가족 및 개인 기왕력과 건강상태에 영향을 주는 특정 병태에 관련된 잠재적 건강위험을 가진 사람
1643,Germany,I48.0,22,I48,기타 형태의 심장병
1644,Germany,R05,21,R05,순환계통 및 호흡계통의 증상 및 징후
1645,Germany,R50.9,20,R50,전신증상 및 징후
1646,Germany,R65.1,20,R65,전신증상 및 징후
1647,Germany,E11.90,17,E11,당뇨병
1648,Germany,B97.2,16,B97,"세균, 바이러스 및 기타 감염체"
1649,Germany,Z96.88,15,Z96,가족 및 개인 기왕력과 건강상태에 영향을 주는 특정 병태에 관련된 잠재적 건강위험을 가진 사람
1650,Germany,B99,14,B99,기타 감염성 질환
1651,Germany,E03.9,14,E03,갑상선의 장애
1652,Germany,E86,14,E86,대사장애
1653,Germany,E87.2,14,E87,대사장애
1654,Germany,I50.14,14,I50,기타 형태의 심장병
1655,Germany,U04.9,14,U04,병인이 불확실한 신종질환의 임시적 지정이나 응급사용
1656,Germany,N17.93,13,N17,신부전
1657,Germany,Z95.5,13,Z95,가족 및 개인 기왕력과 건강상태에 영향을 주는 특정 병태에 관련된 잠재적 건강위험을 가진 사람
1658,Germany,E87.1,12,E87,대사장애
1659,Germany,E87.5,12,E87,대사장애
1660,Germany,I26.9,12,I26,폐성 심장병 및 폐순환의 질환
1661,Germany,I48.9,12,I48,기타 형태의 심장병
1662,Germany,K59.09,12,K59,장의 기타 질환
1663,Germany,R55,12,R55,전신증상 및 징후
1664,Germany,R57.2,12,R57,전신증상 및 징후
1665,Germany,Z92.2,12,Z92,가족 및 개인 기왕력과 건강상태에 영향을 주는 특정 병태에 관련된 잠재적 건강위험을 가진 사람
1666,Germany,Z95.0,12,Z95,가족 및 개인 기왕력과 건강상태에 영향을 주는 특정 병태에 관련된 잠재적 건강위험을 가진 사람
1667,Germany,I25.13,11,I25,허혈심장질환
1668,Germany,J96.01,11,J96,호흡계통의 기타 질환
1669,Germany,N39.0,11,N39,비뇨계통의 기타 질환
1670,Germany,R50.88,11,R50,전신증상 및 징후
1671,Germany,A41.9,10,A41,기타 세균성 질환
1672,Germany,E87.0,10,E87,대사장애
1673,Germany,I97.89,10,I97,순환계통의 기타 및 상세불명의 장애
1674,Germany,J80.02,10,J80,주로 간질에 영향을 주는 기타 호흡기질환
1675,Germany,L89,10,L89,피부 및 피하조직의 기타 장애
1676,Germany,U50.00,10,U50,한의병증(韓醫病證)
1677,Germany,Z74.0,10,Z74,기타 상황에서 보건서비스와 접하고 있는 사람
1678,Germany,B96.2,9,B96,"세균, 바이러스 및 기타 감염체"
1679,Germany,D68.4,9,D68,"응고결함, 자반 및 기타 출혈성 병태"
1680,Germany,I48.2,9,I48,기타 형태의 심장병
1681,Germany,I50.01,9,I50,기타 형태의 심장병
1682,Germany,J06.8,9,J06,급성 상기도감염
1683,Germany,N17.91,9,N17,신부전
1684,Germany,N18.3,9,N18,신부전
1685,Germany,Z74.1,9,Z74,기타 상황에서 보건서비스와 접하고 있는 사람
1686,Germany,J90,8,J90,흉막의 기타 질환
1687,Germany,N17.03,8,N17,신부전
1688,Germany,D62,7,D62,무형성 및 기타 빈혈
1689,Germany,D69.58,7,D69,"응고결함, 자반 및 기타 출혈성 병태"
1690,Germany,E78.2,7,E78,대사장애
1691,Germany,J18.8,7,J18,인플루엔자 및 폐렴
1692,Germany,J98.7,7,J98,호흡계통의 기타 질환
1693,Germany,R00.1,7,R00,순환계통 및 호흡계통의 증상 및 징후
1694,Germany,R53,7,R53,전신증상 및 징후
1695,Germany,Z20.8,7,Z20,전염성 질환과 관련되어 잠재적인 건강위험이 있는 사람
1696,Germany,I10.90,6,I10,고혈압성 질환
1697,Germany,I49,6,I49,기타 형태의 심장병
1698,Germany,J15.6,6,J15,인플루엔자 및 폐렴
1699,Germany,J44,6,J44,만성 하부호흡기질환
1700,Germany,R15,6,R15,소화계통 및 복부의 증상 및 징후
1701,Germany,R47.0,6,R47,말하기 및 음성에 관련된 증상 및 징후
1702,Germany,U50.10,6,U50,한의병증(韓醫病證)
1703,Germany,U69.12,6,U69,한의병증(韓醫病證)
1704,Germany,A41.8,5,A41,기타 세균성 질환
1705,Germany,D90,5,D90,기타
1706,Germany,E66,5,E66,비만 및 기타 과영양
1707,Germany,E78.0,5,E78,대사장애
1708,Germany,E83.58,5,E83,대사장애
1709,Germany,I25.12,5,I25,허혈심장질환
1710,Germany,I44,5,I44,기타 형태의 심장병
1711,Germany,J11.1,5,J11,인플루엔자 및 폐렴
1712,Germany,J91,5,J91,흉막의 기타 질환
1713,Germany,N17.92,5,N17,신부전
1714,Germany,R06.88,5,R06,순환계통 및 호흡계통의 증상 및 징후
1715,Germany,R13.9,5,R13,소화계통 및 복부의 증상 및 징후
1716,Germany,R26.3,5,R26,신경계통 및 근골격계통의 증상 및 징후
1717,Germany,R32,5,R32,비뇨계통의 증상 및 징후
1718,Germany,R40.0,5,R40,"인지, 지각, 정서상태 및 행위에 관련된 증상 및 징후"
1719,Germany,U69.01,5,U69,한의병증(韓醫病證)
1720,Germany,A41.0,4,A41,기타 세균성 질환
1721,Germany,C79.5,4,C79,악성 신생물
1722,Germany,D50.8,4,D50,영양성 빈혈
1723,Germany,D63.8,4,D63,무형성 및 기타 빈혈
1724,Germany,D70.19,4,D70,혈액 및 조혈기관의 기타 질환
1725,Germany,E10.11,4,E10,당뇨병
1726,Germany,E55.9,4,E55,기타 영양결핍
1727,Germany,E87.4,4,E87,대사장애
1728,Germany,I21.4,4,I21,허혈심장질환
1729,Germany,I25.11,4,I25,허혈심장질환
1730,Germany,I25.19,4,I25,허혈심장질환
1731,Germany,I46.0,4,I46,기타 형태의 심장병
1732,Germany,I47.1,4,I47,기타 형태의 심장병
1733,Germany,I60,4,I60,뇌혈관질환
1734,Germany,I71,4,I71,"동맥, 세동맥 및 모세혈관의 질환"
1735,Germany,I95.8,4,I95,순환계통의 기타 및 상세불명의 장애
1736,Germany,J18.1,4,J18,인플루엔자 및 폐렴
1737,Germany,K62,4,K62,장의 기타 질환
1738,Germany,L89.19,4,L89,피부 및 피하조직의 기타 장애
1739,Germany,M79,4,M79,연조직장애
1740,Germany,N12,4,N12,신세뇨관-간질질환
1741,Germany,N17.99,4,N17,신부전
1742,Germany,N18.4,4,N18,신부전
1743,Germany,R04,4,R04,순환계통 및 호흡계통의 증상 및 징후
1744,Germany,R07.4,4,R07,순환계통 및 호흡계통의 증상 및 징후
1745,Germany,S72.11,4,S72,고관절 및 대퇴의 손상
1746,Germany,Z29.1,4,Z29,전염성 질환과 관련되어 잠재적인 건강위험이 있는 사람
1747,Germany,Z43.0,4,Z43,특정 처치 및 건강관리를 위하여 보건서비스와 접하고 있는 사람
1748,Germany,Z45.20,4,Z45,특정 처치 및 건강관리를 위하여 보건서비스와 접하고 있는 사람
1749,Germany,Z74,4,Z74,기타 상황에서 보건서비스와 접하고 있는 사람
1750,Germany,A09.9,3,A09,장감염질환
1751,Germany,A40,3,A40,기타 세균성 질환
1752,Germany,A41.58,3,A41,기타 세균성 질환
1753,Germany,A49,3,A49,기타 세균성 질환
1754,Germany,A49.9,3,A49,기타 세균성 질환
1755,Germany,B37,3,B37,진균증
1756,Germany,B44.0,3,B44,진균증
1757,Germany,B95,3,B95,"세균, 바이러스 및 기타 감염체"
1758,Germany,C71,3,C71,악성 신생물
1759,Germany,C79.3,3,C79,악성 신생물
1760,Germany,C91.00,3,C91,악성 신생물
1761,Germany,D61.10,3,D61,무형성 및 기타 빈혈
1762,Germany,D64.8,3,D64,무형성 및 기타 빈혈
1763,Germany,D64.9,3,D64,무형성 및 기타 빈혈
1764,Germany,D65,3,D65,"응고결함, 자반 및 기타 출혈성 병태"
1765,Germany,D68.01,3,D68,"응고결함, 자반 및 기타 출혈성 병태"
1766,Germany,D68.3,3,D68,"응고결함, 자반 및 기타 출혈성 병태"
1767,Germany,D69.61,3,D69,"응고결함, 자반 및 기타 출혈성 병태"
1768,Germany,D86.8,3,D86,면역메커니즘을 침범한 특정 장애
1769,Germany,E79.0,3,E79,대사장애
1770,Germany,E83.3,3,E83,대사장애
1771,Germany,E87.7,3,E87,대사장애
1772,Germany,F05.0,3,F05,증상성을 포함하는 기질성 정신장애
1773,Germany,F05.8,3,F05,증상성을 포함하는 기질성 정신장애
1774,Germany,F17,3,F17,정신활성물질의 사용에 의한 정신 및 행동 장애
1775,Germany,G40.9,3,G40,우발적 및 발작적 장애
1776,Germany,G47.31,3,G47,우발적 및 발작적 장애
1777,Germany,G47.32,3,G47,우발적 및 발작적 장애
1778,Germany,G93,3,G93,신경계통의 기타 장애
1779,Germany,G94.3,3,G94,신경계통의 기타 장애
1780,Germany,I11.90,3,I11,고혈압성 질환
1781,Germany,I42,3,I42,기타 형태의 심장병
1782,Germany,I48.1,3,I48,기타 형태의 심장병
1783,Germany,I61,3,I61,뇌혈관질환
1784,Germany,I67.88,3,I67,뇌혈관질환
1785,Germany,I82.81,3,I82,"달리 분류되지 않은 정맥, 림프관 및 림프절의 질환"
1786,Germany,I95.9,3,I95,순환계통의 기타 및 상세불명의 장애
1787,Germany,J15.5,3,J15,인플루엔자 및 폐렴
1788,Germany,J15.9,3,J15,인플루엔자 및 폐렴
1789,Germany,J18.0,3,J18,인플루엔자 및 폐렴
1790,Germany,J69.0,3,J69,외부요인에 의한 폐질환
1791,Germany,J95,3,J95,호흡계통의 기타 질환
1792,Germany,J98.0,3,J98,호흡계통의 기타 질환
1793,Germany,J99.8,3,J99,호흡계통의 기타 질환
1794,Germany,K76.9,3,K76,간의 질환
1795,Germany,L89.17,3,L89,피부 및 피하조직의 기타 장애
1796,Germany,M54,3,M54,등병증
1797,Germany,N10,3,N10,신세뇨관-간질질환
1798,Germany,N18.5,3,N18,신부전
1799,Germany,R07,3,R07,순환계통 및 호흡계통의 증상 및 징후
1800,Germany,R13.0,3,R13,소화계통 및 복부의 증상 및 징후
1801,Germany,R29.6,3,R29,신경계통 및 근골격계통의 증상 및 징후
1802,Germany,R31,3,R31,비뇨계통의 증상 및 징후
1803,Germany,R33,3,R33,비뇨계통의 증상 및 징후
1804,Germany,R34,3,R34,비뇨계통의 증상 및 징후
1805,Germany,R51,3,R51,전신증상 및 징후
1806,Germany,R52.1,3,R52,전신증상 및 징후
1807,Germany,R63,3,R63,전신증상 및 징후
1808,Germany,R63.3,3,R63,전신증상 및 징후
1809,Germany,S01,3,S01,머리의 손상
1810,Germany,S22,3,S22,흉부의 손상
1811,Germany,S42,3,S42,어깨 및 위팔의 손상
1812,Germany,T81.0,3,T81,달리 분류되지 않은 외과적 및 내과적 치료의 합병증
1813,Germany,T82.7,3,T82,달리 분류되지 않은 외과적 및 내과적 치료의 합병증
1814,Germany,T82.8,3,T82,달리 분류되지 않은 외과적 및 내과적 치료의 합병증
1815,Germany,Z03.4,3,Z03,검사 및 조사를 위해 보건서비스와 접하고 있는 사람
1816,Germany,Z22.3,3,Z22,전염성 질환과 관련되어 잠재적인 건강위험이 있는 사람
1817,Germany,Z34,3,Z34,생식에 관련된 상황에서 보건서비스와 접하고 있는 사람
1818,Germany,Z76.3,3,Z76,기타 상황에서 보건서비스와 접하고 있는 사람
1819,Germany,Z86.1,3,Z86,가족 및 개인 기왕력과 건강상태에 영향을 주는 특정 병태에 관련된 잠재적 건강위험을 가진 사람
1820,Germany,Z90,3,Z90,가족 및 개인 기왕력과 건강상태에 영향을 주는 특정 병태에 관련된 잠재적 건강위험을 가진 사람
1821,Germany,Z98.8,3,Z98,가족 및 개인 기왕력과 건강상태에 영향을 주는 특정 병태에 관련된 잠재적 건강위험을 가진 사람
1822,Germany,A09.0,2,A09,장감염질환
1823,Germany,E10.91,2,E10,당뇨병
1824,Germany,G62.9,2,G62,다발신경병증 및 말초신경계통의 기타 장애
1825,Germany,L89.10,2,L89,피부 및 피하조직의 기타 장애
1826,Germany,M14.89,2,M14,관절병증
1827,Germany,O09.4,2,O09,기타
1828,Germany,R11,2,R11,소화계통 및 복부의 증상 및 징후
1829,Germany,T85.6,2,T85,달리 분류되지 않은 외과적 및 내과적 치료의 합병증
1830,Germany,D86.2,1,D86,면역메커니즘을 침범한 특정 장애
1831,Germany,E10.90,1,E10,당뇨병
1832,Germany,J10.1,1,J10,인플루엔자 및 폐렴
1833,Germany,J22,1,J22,기타 급성 하기도감염
1834,Germany,Z22.8,1,Z22,전염성 질환과 관련되어 잠재적인 건강위험이 있는 사람
2140,Italy,J12.81,609,J12,인플루엔자 및 폐렴
2141,Italy,J96.0,499,J96,호흡계통의 기타 질환
2142,Italy,J96.00,499,J96,호흡계통의 기타 질환
2143,Italy,J96.9,499,J96,호흡계통의 기타 질환
2144,Italy,J96.90,499,J96,호흡계통의 기타 질환
2145,Italy,J96.2,488,J96,호흡계통의 기타 질환
2146,Italy,J96.20,488,J96,호흡계통의 기타 질환
2147,Italy,R96.1,126,R96,불명확하고 원인불명의 사인
2150,Italy,E11.65,30,E11,당뇨병
2151,Italy,I10,30,I10,고혈압성 질환
2152,Italy,I48.0,30,I48,기타 형태의 심장병
2153,Italy,E11.9,23,E11,당뇨병
2154,Italy,Z37.0,21,Z37,생식에 관련된 상황에서 보건서비스와 접하고 있는 사람
2155,Italy,J18.0,20,J18,인플루엔자 및 폐렴
2156,Italy,J12.89,18,J12,인플루엔자 및 폐렴
2157,Italy,D62,17,D62,무형성 및 기타 빈혈
2158,Italy,E66,16,E66,비만 및 기타 과영양
2159,Italy,E66.9,16,E66,비만 및 기타 과영양
2160,Italy,N17,16,N17,신부전
2161,Italy,N17-N19.9,16,N17,신부전
2162,Italy,N17.9,16,N17,신부전
2163,Italy,N19,16,N19,신부전
2164,Italy,I20-I25,14,I20,허혈심장질환
2165,Italy,I20-I25.9,14,I20,허혈심장질환
2166,Italy,I25,14,I25,허혈심장질환
2167,Italy,I25.9,14,I25,허혈심장질환
2168,Italy,E86.0,13,E86,대사장애
2169,Italy,I10-I15.9,13,I10,고혈압성 질환
2170,Italy,I97.3,13,I97,순환계통의 기타 및 상세불명의 장애
2171,Italy,O26.11,13,O26,주로 임신에 관련된 기타 산모장애
2172,Italy,O26.12,13,O26,주로 임신에 관련된 기타 산모장애
2173,Italy,O26.13,13,O26,주로 임신에 관련된 기타 산모장애
2174,Italy,O26.41,13,O26,주로 임신에 관련된 기타 산모장애
2175,Italy,O26.42,13,O26,주로 임신에 관련된 기타 산모장애
2176,Italy,O26.43,13,O26,주로 임신에 관련된 기타 산모장애
2177,Italy,O26.811,13,O26,주로 임신에 관련된 기타 산모장애
2178,Italy,O26.812,13,O26,주로 임신에 관련된 기타 산모장애
2179,Italy,O26.813,13,O26,주로 임신에 관련된 기타 산모장애
2180,Italy,O26.891,13,O26,주로 임신에 관련된 기타 산모장애
2181,Italy,O26.892,13,O26,주로 임신에 관련된 기타 산모장애
2182,Italy,O26.893,13,O26,주로 임신에 관련된 기타 산모장애
2183,Italy,O99.89,13,O99,달리 분류되지 않은 기타 산과적 병태
2184,Italy,I25.1,12,I25,허혈심장질환
2185,Italy,I25.10,12,I25,허혈심장질환
2186,Italy,J12.9,12,J12,인플루엔자 및 폐렴
2187,Italy,J44,12,J44,만성 하부호흡기질환
2188,Italy,J44.9,12,J44,만성 하부호흡기질환
2189,Italy,I26.99,10,I26,폐성 심장병 및 폐순환의 질환
2190,Italy,J15.9,10,J15,인플루엔자 및 폐렴
2191,Italy,J44.1,10,J44,만성 하부호흡기질환
2192,Italy,R05,9,R05,순환계통 및 호흡계통의 증상 및 징후
2193,Italy,R09.02,9,R09,순환계통 및 호흡계통의 증상 및 징후
2194,Italy,K92.1,8,K92,소화계통의 기타 질환
2195,Italy,Q38.3,8,Q38,소화계통의 기타 선천기형
2197,Italy,I50.1,7,I50,기타 형태의 심장병
2198,Italy,I67.2,7,I67,뇌혈관질환
2199,Italy,C91.10,6,C91,악성 신생물
2200,Italy,J18,6,J18,인플루엔자 및 폐렴
2201,Italy,J18.9,6,J18,인플루엔자 및 폐렴
2202,Italy,I25.5,5,I25,허혈심장질환
2203,Italy,I25.89,5,I25,허혈심장질환
2205,Italy,E11.311,4,E11,당뇨병
2206,Italy,E11.319,4,E11,당뇨병
2207,Italy,E11.36,4,E11,당뇨병
2208,Italy,E11.39,4,E11,당뇨병
2209,Italy,I67.8,3,I67,뇌혈관질환
2210,Italy,I67.81,3,I67,뇌혈관질환
2211,Italy,I67.82,3,I67,뇌혈관질환
2212,Italy,M62.50,3,M62,연조직장애
2213,Italy,Z95.2,3,Z95,가족 및 개인 기왕력과 건강상태에 영향을 주는 특정 병태에 관련된 잠재적 건강위험을 가진 사람
2215,Italy,I50.9,2,I50,기타 형태의 심장병
2216,Italy,I69.91,2,I69,뇌혈관질환
2217,Italy,I97.0,2,I97,순환계통의 기타 및 상세불명의 장애
2218,Italy,I97.110,2,I97,순환계통의 기타 및 상세불명의 장애
2219,Italy,I97.130,2,I97,순환계통의 기타 및 상세불명의 장애
2220,Italy,I97.190,2,I97,순환계통의 기타 및 상세불명의 장애
2221,Italy,J96.1,2,J96,호흡계통의 기타 질환
2222,Italy,J96.10,2,J96,호흡계통의 기타 질환
2223,Italy,N39.0,2,N39,비뇨계통의 기타 질환
2224,Italy,A04.4,1,A04,장감염질환
2225,Italy,A04.7,1,A04,장감염질환
2226,Italy,A41.9,1,A41,기타 세균성 질환
2227,Italy,B95.2,1,B95,"세균, 바이러스 및 기타 감염체"
2228,Italy,D50,1,D50,영양성 빈혈
2229,Italy,D50.9,1,D50,영양성 빈혈
2230,Italy,D57.4,1,D57,용혈성 빈혈
2231,Italy,D57.40,1,D57,용혈성 빈혈
2232,Italy,D63.8,1,D63,무형성 및 기타 빈혈
2233,Italy,D64.9,1,D64,무형성 및 기타 빈혈
2234,Italy,F03,1,F03,증상성을 포함하는 기질성 정신장애
2235,Italy,G47.33,1,G47,우발적 및 발작적 장애
2236,Italy,G82.2,1,G82,뇌성마비 및 기타 마비증후군
2237,Italy,G82.20,1,G82,뇌성마비 및 기타 마비증후군
2238,Italy,G83.9,1,G83,뇌성마비 및 기타 마비증후군
2239,Italy,I07,1,I07,만성 류마티스심장질환
2240,Italy,I07.0,1,I07,만성 류마티스심장질환
2241,Italy,I07.1,1,I07,만성 류마티스심장질환
2242,Italy,I07.2,1,I07,만성 류마티스심장질환
2243,Italy,I07.8,1,I07,만성 류마티스심장질환
2244,Italy,I07.9,1,I07,만성 류마티스심장질환
2245,Italy,I33.0,1,I33,기타 형태의 심장병
2246,Italy,I33.9,1,I33,기타 형태의 심장병
2247,Italy,I34.0,1,I34,기타 형태의 심장병
2248,Italy,I34.8,1,I34,기타 형태의 심장병
2249,Italy,I47.2,1,I47,기타 형태의 심장병
2250,Italy,I50,1,I50,기타 형태의 심장병
2251,Italy,I50.0,1,I50,기타 형태의 심장병
2252,Italy,I50.81,1,I50,기타 형태의 심장병
2253,Italy,I65.29,1,I65,뇌혈관질환
2254,Italy,J11.2,1,J11,인플루엔자 및 폐렴
2255,Italy,J11.81,1,J11,인플루엔자 및 폐렴
2256,Italy,J11.89,1,J11,인플루엔자 및 폐렴
2257,Italy,K51.0,1,K51,비감염성 장염 및 결장염
2258,Italy,K51.80,1,K51,비감염성 장염 및 결장염
2259,Italy,M84.369S,1,M84,골병증 및 연골병증
2260,Italy,M84.376S,1,M84,골병증 및 연골병증
2261,Italy,M84.453S,1,M84,골병증 및 연골병증
2262,Italy,M84.459S,1,M84,골병증 및 연골병증
2263,Italy,M84.469S,1,M84,골병증 및 연골병증
2264,Italy,N18.2,1,N18,신부전
2265,Italy,N30.0,1,N30,비뇨계통의 기타 질환
2266,Italy,N30.00,1,N30,비뇨계통의 기타 질환
2267,Italy,N30.01,1,N30,비뇨계통의 기타 질환
2268,Italy,O08.4,1,O08,유산된 임신
2269,Italy,Q85.01,1,Q85,기타 선천기형
2270,Italy,R64,1,R64,전신증상 및 징후
2271,Italy,S72.009S,1,S72,고관절 및 대퇴의 손상
2272,Italy,S72.109A,1,S72,고관절 및 대퇴의 손상
2273,Italy,S79.009S,1,S79,고관절 및 대퇴의 손상
2274,Italy,S82.009S,1,S82,무릎 및 아래다리의 손상
2275,Italy,S82.90XS,1,S82,무릎 및 아래다리의 손상
2276,Italy,S92.909S,1,S92,발목 및 발의 손상
2277,Italy,S92.919S,1,S92,발목 및 발의 손상
2278,Italy,T81.31,1,T81,달리 분류되지 않은 외과적 및 내과적 치료의 합병증
2279,Italy,T81.31XA,1,T81,달리 분류되지 않은 외과적 및 내과적 치료의 합병증
2280,Italy,Z74.2,1,Z74,기타 상황에서 보건서비스와 접하고 있는 사람
2281,Italy,Z85.02,1,Z85,가족 및 개인 기왕력과 건강상태에 영향을 주는 특정 병태에 관련된 잠재적 건강위험을 가진 사람
2282,Italy,Z85.028,1,Z85,가족 및 개인 기왕력과 건강상태에 영향을 주는 특정 병태에 관련된 잠재적 건강위험을 가진 사람
2283,Italy,Z85.3,1,Z85,가족 및 개인 기왕력과 건강상태에 영향을 주는 특정 병태에 관련된 잠재적 건강위험을 가진 사람
2284,Italy,Z95.0,1,Z95,가족 및 개인 기왕력과 건강상태에 영향을 주는 특정 병태에 관련된 잠재적 건강위험을 가진 사람
2285,Italy,Z95.828,1,Z95,가족 및 개인 기왕력과 건강상태에 영향을 주는 특정 병태에 관련된 잠재적 건강위험을 가진 사람
2753,USA,R05,693,R05,순환계통 및 호흡계통의 증상 및 징후
2754,USA,R68.89,640,R68,전신증상 및 징후
2755,USA,R50.9,537,R50,전신증상 및 징후
2756,USA,B97.29,528,B97,"세균, 바이러스 및 기타 감염체"
2757,USA,J06.9,486,J06,급성 상기도감염
2758,USA,Z20.828,425,Z20,전염성 질환과 관련되어 잠재적인 건강위험이 있는 사람
2759,USA,R06.02,374,R06,순환계통 및 호흡계통의 증상 및 징후
2760,USA,J12.89,276,J12,인플루엔자 및 폐렴
2761,USA,J96.01,261,J96,호흡계통의 기타 질환
2762,USA,U07.1,248,U07,병인이 불확실한 신종질환의 임시적 지정이나 응급사용
2763,USA,J18.9,220,J18,인플루엔자 및 폐렴
2764,USA,I10,215,I10,고혈압성 질환
2765,USA,R09.02,161,R09,순환계통 및 호흡계통의 증상 및 징후
2766,USA,B34.2,135,B34,기타 바이러스질환
2767,USA,B34.9,126,B34,기타 바이러스질환
2768,USA,Z71.89,126,Z71,기타 상황에서 보건서비스와 접하고 있는 사람
2769,USA,J22,110,J22,기타 급성 하기도감염
2770,USA,E11.9,104,E11,당뇨병
2771,USA,E78.5,97,E78,대사장애
2772,USA,N17.9,92,N17,신부전
2773,USA,R91.8,90,R91,진단명 없는 진단영상 및 기능 검사상 이상소견
2774,USA,J80,85,J80,주로 간질에 영향을 주는 기타 호흡기질환
2775,USA,R19.7,80,R19,소화계통 및 복부의 증상 및 징후
2776,USA,Z79.899,70,Z79,기타
2777,USA,Z13.83,62,Z13,검사 및 조사를 위해 보건서비스와 접하고 있는 사람
2778,USA,R06.00,56,R06,순환계통 및 호흡계통의 증상 및 징후
2779,USA,R94.31,56,R94,진단명 없는 진단영상 및 기능 검사상 이상소견
2780,USA,A41.9,51,A41,기타 세균성 질환
2781,USA,J98.8,50,J98,호흡계통의 기타 질환
2782,USA,Z03.818,47,Z03,검사 및 조사를 위해 보건서비스와 접하고 있는 사람
2783,USA,R00.0,46,R00,순환계통 및 호흡계통의 증상 및 징후
2784,USA,K21.9,43,K21,"식도, 위 및 십이지장의 질환"
2785,USA,R53.83,42,R53,전신증상 및 징후
2786,USA,R79.89,39,R79,진단명 없는 혈액검사상 이상소견
2787,USA,R11.2,34,R11,소화계통 및 복부의 증상 및 징후
2788,USA,Z13.9,33,Z13,검사 및 조사를 위해 보건서비스와 접하고 있는 사람
2789,USA,Z87.891,33,Z87,가족 및 개인 기왕력과 건강상태에 영향을 주는 특정 병태에 관련된 잠재적 건강위험을 가진 사람
2790,USA,D72.810,32,D72,혈액 및 조혈기관의 기타 질환
2791,USA,E66.9,31,E66,비만 및 기타 과영양
2792,USA,I25.10,31,I25,허혈심장질환
2793,USA,E87.1,30,E87,대사장애
2794,USA,Z79.4,29,Z79,기타
2795,USA,R69,28,R69,전신증상 및 징후
2796,USA,R74.0,28,R74,진단명 없는 혈액검사상 이상소견
2797,USA,8E0ZXY6,27,8E0,기타
2798,USA,R53.1,27,R53,전신증상 및 징후
2799,USA,J12.9,26,J12,인플루엔자 및 폐렴
2800,USA,J45.909,26,J45,만성 하부호흡기질환
2801,USA,R07.89,25,R07,순환계통 및 호흡계통의 증상 및 징후
2802,USA,E03.9,24,E03,갑상선의 장애
2803,USA,R07.9,23,R07,순환계통 및 호흡계통의 증상 및 징후
2804,USA,I95.9,21,I95,순환계통의 기타 및 상세불명의 장애
2805,USA,M79.10,21,M79,연조직장애
2806,USA,E66.01,20,E66,비만 및 기타 과영양
2807,USA,G47.33,20,G47,우발적 및 발작적 장애
2808,USA,J02.9,18,J02,급성 상기도감염
2809,USA,N18.3,18,N18,신부전
2810,USA,Z99.11,18,Z99,가족 및 개인 기왕력과 건강상태에 영향을 주는 특정 병태에 관련된 잠재적 건강위험을 가진 사람
2811,USA,E86.0,17,E86,대사장애
2812,USA,F41.9,17,F41,"신경증성, 스트레스-연관 및 신체형 장애"
2813,USA,R53.81,17,R53,전신증상 및 징후
2814,USA,Z88.0,17,Z88,가족 및 개인 기왕력과 건강상태에 영향을 주는 특정 병태에 관련된 잠재적 건강위험을 가진 사람
2815,USA,B97.89,16,B97,"세균, 바이러스 및 기타 감염체"
2816,USA,E87.2,15,E87,대사장애
2817,USA,R41.82,15,R41,"인지, 지각, 정서상태 및 행위에 관련된 증상 및 징후"
2818,USA,E87.5,14,E87,대사장애
2819,USA,J98.11,14,J98,호흡계통의 기타 질환
2820,USA,R51,14,R51,전신증상 및 징후
2821,USA,R52,14,R52,전신증상 및 징후
2822,USA,E11.22,13,E11,당뇨병
2823,USA,Z88.8,13,Z88,가족 및 개인 기왕력과 건강상태에 영향을 주는 특정 병태에 관련된 잠재적 건강위험을 가진 사람
2824,USA,E11.65,12,E11,당뇨병
2825,USA,N18.6,12,N18,신부전
2826,USA,D89.9,11,D89,면역메커니즘을 침범한 특정 장애
2827,USA,E78.00,11,E78,대사장애
2828,USA,F32.9,11,F32,기분[정동] 장애
2829,USA,J44.9,11,J44,만성 하부호흡기질환
2830,USA,J98.4,11,J98,호흡계통의 기타 질환
2831,USA,R11.0,11,R11,소화계통 및 복부의 증상 및 징후
2832,USA,R50.81,11,R50,전신증상 및 징후
2833,USA,R73.03,11,R73,진단명 없는 혈액검사상 이상소견
2834,USA,Z51.5,11,Z51,특정 처치 및 건강관리를 위하여 보건서비스와 접하고 있는 사람
2835,USA,Z88.5,11,Z88,가족 및 개인 기왕력과 건강상태에 영향을 주는 특정 병태에 관련된 잠재적 건강위험을 가진 사람
2836,USA,A41.89,10,A41,기타 세균성 질환
2837,USA,R65.20,10,R65,전신증상 및 징후
2838,USA,Z51.81,10,Z51,특정 처치 및 건강관리를 위하여 보건서비스와 접하고 있는 사람
2839,USA,Z79.82,10,Z79,기타
2840,USA,Z88.1,10,Z88,가족 및 개인 기왕력과 건강상태에 영향을 주는 특정 병태에 관련된 잠재적 건강위험을 가진 사람
2841,USA,J18.1,8,J18,인플루엔자 및 폐렴
2842,USA,J45.20,8,J45,만성 하부호흡기질환
2843,USA,Z71.9,4,Z71,기타 상황에서 보건서비스와 접하고 있는 사람
2844,USA,D49.6,3,D49,기타
2845,USA,J21.9,3,J21,기타 급성 하기도감염
2846,USA,Q21.2,3,Q21,순환계통의 선천기형
2847,USA,XXXXBC,3,XXX,가해
2848,USA,Z78.9,3,Z78,기타
2850,USA,C44.0,2,C44,악성 신생물
2851,USA,L83,2,L83,피부 및 피하조직의 기타 장애
2852,USA,N40,2,N40,남성생식기관의 질환
2853,USA,Z95.828,2,Z95,가족 및 개인 기왕력과 건강상태에 영향을 주는 특정 병태에 관련된 잠재적 건강위험을 가진 사람
2886,USA,A95.0,1,A95,절지동물매개의 바이러스열 및 바이러스출혈열
2887,USA,A95.1,1,A95,절지동물매개의 바이러스열 및 바이러스출혈열
2888,USA,B15.0,1,B15,바이러스간염
2889,USA,B39.4,1,B39,진균증
2890,USA,B74.0,1,B74,연충증
2891,USA,B97.4,1,B97,"세균, 바이러스 및 기타 감염체"
2892,USA,C18.2,1,C18,악성 신생물
2893,USA,C18.3,1,C18,악성 신생물
2894,USA,C81.90,1,C81,악성 신생물
2895,USA,C82.2,1,C82,악성 신생물
2896,USA,C83.30,1,C83,악성 신생물
2897,USA,C83.35,1,C83,악성 신생물
2898,USA,C83.39,1,C83,악성 신생물
2899,USA,C85.10,1,C85,악성 신생물
2900,USA,C91.02,1,C91,악성 신생물
2901,USA,C92.0,1,C92,악성 신생물
2902,USA,C92.00,1,C92,악성 신생물
2903,USA,C92.4,1,C92,악성 신생물
2904,USA,C92.40,1,C92,악성 신생물
2905,USA,D10.0,1,D10,양성 신생물
2906,USA,D51,1,D51,영양성 빈혈
2907,USA,D51.1,1,D51,영양성 빈혈
2908,USA,D51.3,1,D51,영양성 빈혈
2909,USA,D51.8,1,D51,영양성 빈혈
2910,USA,D51.9,1,D51,영양성 빈혈
2911,USA,D58.9,1,D58,용혈성 빈혈
2912,USA,D64.9,1,D64,무형성 및 기타 빈혈
2913,USA,D69.3,1,D69,"응고결함, 자반 및 기타 출혈성 병태"
2914,USA,D69.41,1,D69,"응고결함, 자반 및 기타 출혈성 병태"
2915,USA,D69.6,1,D69,"응고결함, 자반 및 기타 출혈성 병태"
2916,USA,D70.8,1,D70,혈액 및 조혈기관의 기타 질환
2917,USA,D70.9,1,D70,혈액 및 조혈기관의 기타 질환
2918,USA,D84.9,1,D84,면역메커니즘을 침범한 특정 장애
2919,USA,D89.82,1,D89,면역메커니즘을 침범한 특정 장애
2920,USA,E10.9,1,E10,당뇨병
2921,USA,E46,1,E46,영양실조
2922,USA,E73,1,E73,대사장애
2923,USA,E73.9,1,E73,대사장애
2924,USA,E74.39,1,E74,대사장애
2925,USA,E87.0,1,E87,대사장애
2926,USA,F34.81,1,F34,기분[정동] 장애
2927,USA,F79,1,F79,정신지체
2928,USA,F84.0,1,F84,정신발달장애
2929,USA,G40.909,1,G40,우발적 및 발작적 장애
2930,USA,G91.0,1,G91,신경계통의 기타 장애
2931,USA,G91.9,1,G91,신경계통의 기타 장애
2932,USA,H31.2,1,H31,맥락막 및 망막의 장애
2933,USA,H31.20,1,H31,맥락막 및 망막의 장애
2934,USA,H35,1,H35,맥락막 및 망막의 장애
2935,USA,H47.6,1,H47,시신경 및 시각경로의 장애
2936,USA,H65.2,1,H65,중이 및 유돌의 질환
2937,USA,H65.20,1,H65,중이 및 유돌의 질환
2938,USA,H92.09,1,H92,귀의 기타 장애
2939,USA,I06.0,1,I06,만성 류마티스심장질환
2940,USA,I51.0,1,I51,기타 형태의 심장병
2941,USA,J40,1,J40,만성 하부호흡기질환
2942,USA,J41.0,1,J41,만성 하부호흡기질환
2943,USA,J45.901,1,J45,만성 하부호흡기질환
2944,USA,J84.9,1,J84,주로 간질에 영향을 주는 기타 호흡기질환
2945,USA,K12.30,1,K12,"구강, 침샘 및 턱의 질환"
2946,USA,K35.80,1,K35,충수의 질환
2947,USA,K37,1,K37,충수의 질환
2948,USA,K41.30,1,K41,탈장
2949,USA,K46.0,1,K46,탈장
2950,USA,K52.9,1,K52,비감염성 장염 및 결장염
2951,USA,K55.0,1,K55,장의 기타 질환
2952,USA,K55.06,1,K55,장의 기타 질환
2953,USA,K82.0,1,K82,"담낭, 담도 및 췌장의 장애"
2954,USA,M08.3,1,M08,관절병증
2955,USA,M08.90,1,M08,관절병증
2956,USA,M35.8,1,M35,전신결합조직장애
2957,USA,M60.0,1,M60,연조직장애
2958,USA,M60.00,1,M60,연조직장애
2959,USA,M60.009,1,M60,연조직장애
2960,USA,M84.675D,1,M84,골병증 및 연골병증
2961,USA,M86.6,1,M86,골병증 및 연골병증
2962,USA,M86.8,1,M86,골병증 및 연골병증
2963,USA,M87,1,M87,골병증 및 연골병증
2964,USA,M87.9,1,M87,골병증 및 연골병증
2965,USA,M89.572,1,M89,골병증 및 연골병증
2966,USA,M90.60,1,M90,골병증 및 연골병증
2967,USA,N00.8,1,N00,사구체질환
2968,USA,N05.9,1,N05,사구체질환
2969,USA,N20.1,1,N20,요로결석증
2970,USA,N25.1,1,N25,신장 및 요관의 기타 장애
2971,USA,N40.0,1,N40,남성생식기관의 질환
2972,USA,O04.82,1,O04,유산된 임신
2973,USA,O07.0,1,O07,유산된 임신
2974,USA,O07.37,1,O07,유산된 임신
2975,USA,P01.0,1,P01,"산모요인과 임신, 진통 및 분만의 합병증에 의해 영향을 받은 태아 및 신생아"
2976,USA,P01.6,1,P01,"산모요인과 임신, 진통 및 분만의 합병증에 의해 영향을 받은 태아 및 신생아"
2977,USA,P07.30,1,P07,임신기간 및 태아성장과 관련된 장애
2978,USA,P52.21,1,P52,태아 및 신생아의 출혈성 및 혈액학적 장애
2979,USA,Q22.5,1,Q22,순환계통의 선천기형
2980,USA,Q38.2,1,Q38,소화계통의 기타 선천기형
2981,USA,Q85.1,1,Q85,기타 선천기형
2982,USA,Q90.9,1,Q90,달리 분류되지 않은 염색체이상
2983,USA,R06.03,1,R06,순환계통 및 호흡계통의 증상 및 징후
2984,USA,R06.89,1,R06,순환계통 및 호흡계통의 증상 및 징후
2985,USA,R11.10,1,R11,소화계통 및 복부의 증상 및 징후
2986,USA,R45.84,1,R45,"인지, 지각, 정서상태 및 행위에 관련된 증상 및 징후"
2987,USA,S12.9XXA,1,S12,목의 손상
2988,USA,S22.009A,1,S22,흉부의 손상
2989,USA,S42.0,1,S42,어깨 및 위팔의 손상
2990,USA,S51.809A,1,S51,팔꿈치 및 아래팔의 손상
2991,USA,S63.0,1,S63,손목 및 손의 손상
2992,USA,S92.302D,1,S92,발목 및 발의 손상
2993,USA,T82.594A,1,T82,달리 분류되지 않은 외과적 및 내과적 치료의 합병증
2994,USA,Z46.82,1,Z46,특정 처치 및 건강관리를 위하여 보건서비스와 접하고 있는 사람
2995,USA,Z68.38,1,Z68,기타
2996,USA,Z92.21,1,Z92,가족 및 개인 기왕력과 건강상태에 영향을 주는 특정 병태에 관련된 잠재적 건강위험을 가진 사람
2997,USA,Z93.0,1,Z93,가족 및 개인 기왕력과 건강상태에 영향을 주는 특정 병태에 관련된 잠재적 건강위험을 가진 사람
2998,USA,Z94.81,1,Z94,가족 및 개인 기왕력과 건강상태에 영향을 주는 특정 병태에 관련된 잠재적 건강위험을 가진 사람
2999,USA,Z98.890,1,Z98,가족 및 개인 기왕력과 건강상태에 영향을 주는 특정 병태에 관련된 잠재적 건강위험을 가진 사람
